﻿{
  "UiPath.UIAutomationNext.Activities.Generic.CaptureScreenshots": "True",
  "UiPath.UIAutomationNext.Activities.Generic.EnableAutoAddToOR": "True",
  "UiPath.UIAutomationNext.Activities.SearchStepsWeb.EdgeInteractionMode": "DebuggerApi",
  "UiPath.UIAutomationNext.Activities.SearchStepsWeb.FindSelectorType": "Auto",
  "UiPath.UIAutomationNext.Activities.SearchStepsWeb.ComputerVision": "True",
  "UiPath.UIAutomationNext.Activities.SearchStepsSAP.InteractionMode": "Simulate",
  "UiPath.UIAutomationNext.Activities.SearchStepsSAP.FindSelectorType": "One",
  "UiPath.UIAutomationNext.Activities.SearchStepsSAP.ComputerVision": "False",
  "UiPath.UIAutomationNext.Activities.SearchStepsJava.InteractionMode": "Simulate",
  "UiPath.UIAutomationNext.Activities.SearchStepsJava.FindSelectorType": "Auto",
  "UiPath.UIAutomationNext.Activities.SearchStepsJava.ComputerVision": "True",
  "UiPath.UIAutomationNext.Activities.ApplicationCard.WindowAttachMode": "ByInstance",
  "UiPath.UIAutomationNext.Activities.SearchStepsWnd.InteractionMode": "HardwareEvents",
  "UiPath.UIAutomationNext.Activities.SearchStepsWnd.FindSelectorType": "Auto",
  "UiPath.UIAutomationNext.Activities.SearchStepsWnd.ComputerVision": "True",
  "UiPath.UIAutomationNext.Activities.SearchStepsWnd.Image": "False",
  "UiPath.UIAutomationNext.Activities.SearchStepsWeb.InteractionMode": "Simulate",
  "UiPath.UIAutomationNext.Activities.SearchStepsWeb.Image": "False",
  "UiPath.UIAutomationNext.Activities.SearchStepsSAP.Image": "False",
  "UiPath.UIAutomationNext.Activities.SearchStepsJava.Image": "False",
  "UiPath.UIAutomationNext.Activities.VerifyExecution.VerifyTypedText": "True",
  "UiPath.UIAutomationNext.Activities.VerifyExecution.VerifyActivities": "True",
  "UiPath.UIAutomationNext.Activities.ApplicationCard.ResizeWindow": "None"
}