{"ProjectBreakpoints":"{\"Value\":{},\"CodeBreakpoints\":{}}","ProjectWatches":"{\"Value\":[]}","ActivitiesMetadata":"{\"Main.xaml\":[{\"FullName\":null,\"ActivityIdRef\":\"GetLastDownloadedFile_1\",\"IsCollapsed\":false,\"IsEnabled\":true,\"RequiresConfiguration\":false,\"PropertiesBackendMetadata\":[{\"PropertyName\":\"DownloadFolder\",\"RenderType\":0,\"Widget\":\"TextComposer\"}]},{\"FullName\":null,\"ActivityIdRef\":\"NApplicationCard_3\",\"IsCollapsed\":false,\"IsEnabled\":true,\"RequiresConfiguration\":false,\"PropertiesBackendMetadata\":[{\"PropertyName\":\"Tab\",\"RenderType\":0,\"Widget\":\"AutoComplete\"},{\"PropertyName\":\"GenerateActivitiesButton\",\"RenderType\":0,\"Widget\":\"Button\"}]},{\"FullName\":null,\"ActivityIdRef\":\"NClick_3\",\"IsCollapsed\":false,\"IsEnabled\":true,\"RequiresConfiguration\":false,\"PropertiesBackendMetadata\":[{\"PropertyName\":\"DelayAfter\",\"RenderType\":0,\"Widget\":\"Number\"},{\"PropertyName\":\"ClickType\",\"RenderType\":0,\"Widget\":\"Dropdown\"},{\"PropertyName\":\"DelayBefore\",\"RenderType\":0,\"Widget\":\"Number\"}]},{\"FullName\":null,\"ActivityIdRef\":\"NClick_5\",\"IsCollapsed\":false,\"IsEnabled\":true,\"RequiresConfiguration\":false,\"PropertiesBackendMetadata\":[{\"PropertyName\":\"ContinueOnError\",\"RenderType\":0,\"Widget\":\"NullableBoolean\"}]},{\"FullName\":null,\"ActivityIdRef\":\"NClick_6\",\"IsCollapsed\":false,\"IsEnabled\":true,\"RequiresConfiguration\":false,\"PropertiesBackendMetadata\":[{\"PropertyName\":\"ContinueOnError\",\"RenderType\":0,\"Widget\":\"NullableBoolean\"},{\"PropertyName\":\"DelayBefore\",\"RenderType\":0,\"Widget\":\"Number\"}]},{\"FullName\":null,\"ActivityIdRef\":\"NClick_7\",\"IsCollapsed\":false,\"IsEnabled\":true,\"RequiresConfiguration\":false,\"PropertiesBackendMetadata\":[{\"PropertyName\":\"DelayAfter\",\"RenderType\":0,\"Widget\":\"Number\"}]},{\"FullName\":null,\"ActivityIdRef\":\"NClosePopup_2\",\"IsCollapsed\":false,\"IsEnabled\":true,\"RequiresConfiguration\":false,\"PropertiesBackendMetadata\":[{\"PropertyName\":\"EnableAI\",\"RenderType\":0,\"Widget\":null},{\"PropertyName\":\"PreferredButtons\",\"RenderType\":0,\"Widget\":\"StringArrayWithExpression\"},{\"PropertyName\":\"PopupAppearTimeout\",\"RenderType\":0,\"Widget\":\"Input\"}]},{\"FullName\":null,\"ActivityIdRef\":\"NTypeInto_1\",\"IsCollapsed\":false,\"IsEnabled\":true,\"RequiresConfiguration\":false,\"PropertiesBackendMetadata\":[{\"PropertyName\":\"Text\",\"RenderType\":1,\"Widget\":null}]},{\"FullName\":null,\"ActivityIdRef\":\"NTypeInto_2\",\"IsCollapsed\":false,\"IsEnabled\":true,\"RequiresConfiguration\":false,\"PropertiesBackendMetadata\":[{\"PropertyName\":\"Text\",\"RenderType\":0,\"Widget\":\"TextComposer\"},{\"PropertyName\":\"InUiElement\",\"RenderType\":1,\"Widget\":null}]},{\"FullName\":null,\"ActivityIdRef\":\"NTypeInto_3\",\"IsCollapsed\":false,\"IsEnabled\":true,\"RequiresConfiguration\":false,\"PropertiesBackendMetadata\":[{\"PropertyName\":\"Text\",\"RenderType\":0,\"Widget\":\"TextComposer\"},{\"PropertyName\":\"DelayAfter\",\"RenderType\":0,\"Widget\":\"Number\"}]},{\"FullName\":null,\"ActivityIdRef\":\"NTypeInto_4\",\"IsCollapsed\":false,\"IsEnabled\":true,\"RequiresConfiguration\":false,\"PropertiesBackendMetadata\":[{\"PropertyName\":\"Text\",\"RenderType\":0,\"Widget\":\"TextComposer\"},{\"PropertyName\":\"DelayBefore\",\"RenderType\":0,\"Widget\":\"Number\"}]},{\"FullName\":null,\"ActivityIdRef\":\"TimeTrigger_1\",\"IsCollapsed\":false,\"IsEnabled\":true,\"RequiresConfiguration\":false,\"PropertiesBackendMetadata\":[{\"PropertyName\":\"MinuteByMinuteRepeat\",\"RenderType\":0,\"Widget\":\"PlainNumber\"},{\"PropertyName\":\"Frequency\",\"RenderType\":0,\"Widget\":\"Dropdown\"},{\"PropertyName\":\"DailyRepeat\",\"RenderType\":0,\"Widget\":\"PlainNumber\"},{\"PropertyName\":\"DailyStartingTime\",\"RenderType\":0,\"Widget\":\"Time\"}]}]}","ProjectAppMetadata":"{}","Compiler":"2","OpenedDocuments":"[{\"DocumentPath\":\"워크플로.xaml\",\"FactoryId\":\"{ACB8E7BA-F093-44C1-9B50-33ECA51AAE16}\"},{\"DocumentPath\":\"Main.xaml\",\"FactoryId\":\"{ACB8E7BA-F093-44C1-9B50-33ECA51AAE16}\"}]","ProjectActivitiesViewState":"{\"test.xaml\":[{\"ActivityIdRef\":\"Flowchart_1\",\"IsAdvancedOptionsExpanded\":false,\"Widgets\":{}},{\"ActivityIdRef\":\"<>c_1\",\"IsAdvancedOptionsExpanded\":false,\"Widgets\":{}},{\"ActivityIdRef\":\"FlowStep_2\",\"IsAdvancedOptionsExpanded\":false,\"Widgets\":{}},{\"ActivityIdRef\":\"NApplicationCard_2\",\"IsAdvancedOptionsExpanded\":false,\"Widgets\":{}},{\"ActivityIdRef\":\"Sequence_2\",\"IsAdvancedOptionsExpanded\":false,\"Widgets\":{}},{\"ActivityIdRef\":\"Click_1\",\"IsAdvancedOptionsExpanded\":false,\"Widgets\":{}},{\"ActivityIdRef\":\"Click_2\",\"IsAdvancedOptionsExpanded\":false,\"Widgets\":{}},{\"ActivityIdRef\":\"Click_3\",\"IsAdvancedOptionsExpanded\":false,\"Widgets\":{}},{\"ActivityIdRef\":\"NTypeInto_1\",\"IsAdvancedOptionsExpanded\":false,\"Widgets\":{}},{\"ActivityIdRef\":\"NTypeInto_2\",\"IsAdvancedOptionsExpanded\":false,\"Widgets\":{}},{\"ActivityIdRef\":\"NTypeInto_3\",\"IsAdvancedOptionsExpanded\":false,\"Widgets\":{}},{\"ActivityIdRef\":\"NClick_1\",\"IsAdvancedOptionsExpanded\":false,\"Widgets\":{}},{\"ActivityIdRef\":\"NClick_5\",\"IsAdvancedOptionsExpanded\":false,\"Widgets\":{}},{\"ActivityIdRef\":\"NClick_6\",\"IsAdvancedOptionsExpanded\":false,\"Widgets\":{}}],\"Main.xaml\":[{\"ActivityIdRef\":\"Sequence_1\",\"IsAdvancedOptionsExpanded\":false,\"Widgets\":{}},{\"ActivityIdRef\":\"<>c_1\",\"IsAdvancedOptionsExpanded\":false,\"Widgets\":{}},{\"ActivityIdRef\":\"NApplicationCard_3\",\"IsAdvancedOptionsExpanded\":false,\"Widgets\":{}},{\"ActivityIdRef\":\"Sequence_4\",\"IsAdvancedOptionsExpanded\":false,\"Widgets\":{}},{\"ActivityIdRef\":\"NTypeInto_4\",\"IsAdvancedOptionsExpanded\":false,\"Widgets\":{}},{\"ActivityIdRef\":\"NTypeInto_3\",\"IsAdvancedOptionsExpanded\":false,\"Widgets\":{}},{\"ActivityIdRef\":\"NClick_7\",\"IsAdvancedOptionsExpanded\":false,\"Widgets\":{}},{\"ActivityIdRef\":\"NClick_5\",\"IsAdvancedOptionsExpanded\":false,\"Widgets\":{}},{\"ActivityIdRef\":\"NClick_4\",\"IsAdvancedOptionsExpanded\":false,\"Widgets\":{}},{\"ActivityIdRef\":\"InvokeMethod_2\",\"IsAdvancedOptionsExpanded\":false,\"Widgets\":{}},{\"ActivityIdRef\":\"<>c_2\",\"IsAdvancedOptionsExpanded\":false,\"Widgets\":{}},{\"ActivityIdRef\":\"NClick_3\",\"IsAdvancedOptionsExpanded\":false,\"Widgets\":{}},{\"ActivityIdRef\":\"NTypeInto_6\",\"IsAdvancedOptionsExpanded\":false,\"Widgets\":{}},{\"ActivityIdRef\":\"Click_2\",\"IsAdvancedOptionsExpanded\":false,\"Widgets\":{}},{\"ActivityIdRef\":\"GetLastDownloadedFile_1\",\"IsAdvancedOptionsExpanded\":false,\"Widgets\":{}},{\"ActivityIdRef\":\"Sequence_10\",\"IsAdvancedOptionsExpanded\":false,\"Widgets\":{}},{\"ActivityIdRef\":\"Click_1\",\"IsAdvancedOptionsExpanded\":false,\"Widgets\":{}},{\"ActivityIdRef\":\"Sequence_9\",\"IsAdvancedOptionsExpanded\":false,\"Widgets\":{}},{\"ActivityIdRef\":\"Assign_3\",\"IsAdvancedOptionsExpanded\":false,\"Widgets\":{}},{\"ActivityIdRef\":\"SendOutlookMail_1\",\"IsAdvancedOptionsExpanded\":false,\"Categories\":{\"첨부 파일\":true,\"공통\":true,\"전달\":true,\"수신자\":true,\"입력\":true,\"옵션\":true},\"Widgets\":{}},{\"ActivityIdRef\":\"Sequence_11\",\"IsAdvancedOptionsExpanded\":false,\"Widgets\":{}},{\"ActivityIdRef\":\"PythonScope_2\",\"IsAdvancedOptionsExpanded\":false,\"Widgets\":{}},{\"ActivityIdRef\":\"Sequence_12\",\"IsAdvancedOptionsExpanded\":false,\"Widgets\":{}},{\"ActivityIdRef\":\"TryCatch_1\",\"IsAdvancedOptionsExpanded\":false,\"Widgets\":{\"Try\":{\"ShowExpanded\":true},\"Finally\":{\"ShowExpanded\":true}}}]}"}